{
  "model": "UQ_aux_full_fusion",
  "horizon": 1,
  "seed": 20260718,
  "feature_count": 93,
  "encoded_feature_count": 151,
  "train_samples": 68963,
  "tuning_samples": 7472,
  "calibration_samples": 6865,
  "test_samples": 13641,
  "best_iteration": 698,
  "best_tuning_quantile_loss": 0.3402537323894309,
  "elapsed_seconds": 11.162070035934448,
  "test_used_for_model_selection": false,
  "checkpoint": "09_E7_UQ\\best_checkpoint\\UQ_aux_full_fusion_h1_seed20260718.json",
  "checkpoint_sha256": "1b281e703643ca8700451ffe05859754d7d157be15d187cb67689933f9b14436"
}