{
  "model": "UQ_aux_full_fusion",
  "horizon": 6,
  "seed": 20260715,
  "feature_count": 93,
  "encoded_feature_count": 151,
  "train_samples": 68717,
  "tuning_samples": 7468,
  "calibration_samples": 6616,
  "test_samples": 13387,
  "best_iteration": 699,
  "best_tuning_quantile_loss": 0.3549418566435457,
  "elapsed_seconds": 11.30886459350586,
  "test_used_for_model_selection": false,
  "checkpoint": "09_E7_UQ\\best_checkpoint\\UQ_aux_full_fusion_h6_seed20260715.json",
  "checkpoint_sha256": "740623f1f12018975c8ea6ac00dc060f05f71758339ae9379fdd8016056af874"
}